,Cross Entropy Loss,Accuracy
cv1,0.7318361401557922,0.7568749785423279
cv2,1.0033358335494995,0.6559374928474426
cv3,0.6291906833648682,0.7818750143051147
cv4,0.8098243474960327,0.7365624904632568
cv5,0.6521064043045044,0.7793750166893005
