Cross Entropy Loss,Accuracy
0.6342145800590515,0.7850000262260437
