Cross Entropy Loss,Accuracy
0.7318362617492675,0.7568749785423279
