Cross Entropy Loss,Accuracy
0.6793578863143921,0.7300000190734863
