Cross Entropy Loss,Accuracy
0.9719218611717224,0.6928125023841858
