Cross Entropy Loss,Accuracy
0.6988270282745361,0.7400000095367432
