Cross Entropy Loss,Accuracy
0.6521064043045044,0.7793750166893005
