iteration,sampledvalues,validation_accuracy
1,['p026' 'p050' 'p002'],0.32100000977516174
2,['p022' 'p066' 'p026'],0.2770000100135803
3,['p042' 'p012' 'p066'],0.3630000054836273
4,['p042' 'p075' 'p041'],0.3269999921321869
5,['p045' 'p012' 'p042'],0.5220000147819519
6,['p045' 'p035' 'p049'],0.5699999928474426
7,['p066' 'p050' 'p075'],0.2919999957084656
8,['p050' 'p024' 'p056'],0.36399999260902405
9,['p066' 'p050' 'p075'],0.23600000143051147
10,['p012' 'p035' 'p002'],0.31700000166893005
