Cross Entropy Loss,Accuracy
0.6291906833648682,0.7818750143051147
