Cross Entropy Loss,Accuracy
0.6543529033660889,0.800000011920929
