Cross Entropy Loss,Accuracy
1.0033358335494995,0.6559374928474426
