Cross Entropy Loss,Accuracy
2.1582796573638916,0.21687500178813934
