Cross Entropy Loss,Accuracy
0.9764609852433205,0.69125
