Cross Entropy Loss,Accuracy
0.5778358578681946,0.7900000214576721
