Cross Entropy Loss,Accuracy
0.8098243474960327,0.7365624904632568
