iteration,sampledvalues,validation_accuracy
1,['p026' 'p050' 'p002'],0.30000001192092896
2,['p050' 'p024' 'p056'],0.4790000021457672
3,['p021' 'p016' 'p052'],0.5450000166893005
4,['p026' 'p016' 'p075'],0.36800000071525574
5,['p042' 'p012' 'p066'],0.382999986410141
6,['p042' 'p012' 'p066'],0.3869999945163727
7,['p061' 'p042' 'p056'],0.37299999594688416
8,['p042' 'p075' 'p041'],0.3400000035762787
9,['p045' 'p035' 'p049'],0.5529999732971191
10,['p050' 'p024' 'p056'],0.48399999737739563
