iteration,sampledvalues,validation_accuracy
1,['p026' 'p050' 'p002'],0.38199999928474426
2,['p045' 'p012' 'p042'],0.5590000152587891
3,['p064' 'p021' 'p022'],0.46299999952316284
4,['p066' 'p050' 'p075'],0.3580000102519989
5,['p045' 'p012' 'p042'],0.6380000114440918
6,['p066' 'p050' 'p075'],0.3959999978542328
7,['p066' 'p050' 'p075'],0.3449999988079071
8,['p045' 'p012' 'p042'],0.6620000004768372
9,['p045' 'p035' 'p049'],0.6179999709129333
10,['p041' 'p016' 'p026'],0.6119999885559082
