Cross Entropy Loss,Accuracy
0.7318361401557922,0.7568749785423279
